role,name,team
student,WinstonJin,CS2103-F09-1
student,LowXiSi,CS2103-F09-1
student,somethingfishyfishy,CS2103-F09-1
student,cth06-Github,CS2103-F09-1
student,wuzengfu,CS2103-F09-1
student,starbucksventi,CS2103-F09-2
student,jinnsuke,CS2103-F09-2
student,minhao23,CS2103-F09-2
student,Wxy2003-xy,CS2103-F09-2
student,ChinSekYi,CS2103-F09-3
student,hansneddyanto,CS2103-F09-3
student,hazzle23,CS2103-F09-3
student,vicelyav,CS2103-F09-3
student,thenosewizard,CS2103-F10-1
student,jialegitgud,CS2103-F10-1
student,yanhwee,CS2103-F10-1
student,stephaneleong,CS2103-F10-1
student,ossaris56,CS2103-F10-1
student,AbdulrahmanAlRammah,CS2103-F10-2
student,liauzhanyi,CS2103-F10-2
student,rayray39,CS2103-F10-2
student,Rachael-Chan,CS2103-F10-2
student,Andrew22Teoh,CS2103-F10-2
student,sheenkerr,CS2103-F10-3
student,Nicholas-Cheng-De-Fei,CS2103-F10-3
student,joeltio,CS2103-F10-3
student,KennethTeo2002,CS2103-F10-3
student,ITLimJiaWei,CS2103-F10-3
student,emmannyyy,CS2103-F11-1
student,avrilmohh,CS2103-F11-1
student,althea28,CS2103-F11-1
student,jian7490,CS2103-F11-1
student,lm-44,CS2103-F11-1
student,Ma-Xizi,CS2103-F11-2
student,ethantyh692,CS2103-F11-2
student,NorbertLoh,CS2103-F11-2
student,Chronoxy,CS2103-F11-2
student,RezwanAhmed123,CS2103-F12-1
student,yanqiyqh,CS2103-F12-1
student,matthewyip1511,CS2103-F12-1
student,zi-yii,CS2103-F12-1
student,YANYAN-w,CS2103-F12-2
student,SooYap,CS2103-F12-2
student,ghos7ie,CS2103-F12-2
student,dez2003,CS2103-F12-2
student,shotnothing,CS2103-F12-3
student,WeiHanWong,CS2103-F12-3
student,AmadeusEka,CS2103-F12-3
student,JagdeepSinghNUS,CS2103-F12-3
student,gohqingkhang,CS2103-F12-4
student,jason-chuah,CS2103-F12-4
student,Tanziyanghenry,CS2103-F12-4
student,BunnyHoppp,CS2103-F12-4
student,Shruthiiii03,CS2103-F12-4
student,seanlim,CS2103-F13-1
student,SeeYangZhi,CS2103-F13-1
student,GavinSin,CS2103-F13-1
student,rollingpencil,CS2103-F13-1
student,Dino-Nuggies,CS2103-F13-1
student,kevin-pek,CS2103-F13-2
student,kahsuann,CS2103-F13-2
student,Jasperabez,CS2103-F13-2
student,hanscau,CS2103-F13-2
student,C5hives,CS2103-F13-2
student,tata32000,CS2103-F13-3
student,Brendan8899,CS2103-F13-3
student,QuekBingHeng,CS2103-F13-3
student,LimKaiWei,CS2103-F13-3
student,jewiteo,CS2103-F13-3
student,wassilililily,CS2103-F13-4
student,Green-Tea-123,CS2103-F13-4
student,Quasant,CS2103-F13-4
student,AlekKwek18,CS2103-F13-4
student,KengHian,CS2103-F13-4
student,Plishh,CS2103T-F08-1
student,Jollybomber,CS2103T-F08-1
student,mingyang143,CS2103T-F08-1
student,estellelim,CS2103T-F08-1
student,kohkakohla,CS2103T-F08-1
student,k-hian,CS2103T-F08-2
student,wkxcass,CS2103T-F08-2
student,sannie-beep,CS2103T-F08-2
student,wujiaweijoanna,CS2103T-F08-2
student,PrishaVP,CS2103T-F08-2
student,marraknas,CS2103T-F08-3
student,psh12320,CS2103T-F08-3
student,PeterHW963,CS2103T-F08-3
student,ulricolo7,CS2103T-F08-3
student,XinghuaJulia,CS2103T-F08-3
student,justsparsh,CS2103T-F08-4
student,IanCheah,CS2103T-F08-4
student,O-Darren,CS2103T-F08-4
student,nigellqx,CS2103T-F08-4
student,YINZE66,CS2103T-F08-4
student,LiHaixin000,CS2103T-F09-1
student,NicholasCWK,CS2103T-F09-1
student,G-Y-Chan,CS2103T-F09-1
student,limyixiang,CS2103T-F09-1
student,Nicholaskoh1,CS2103T-F09-1
student,chuajunyu,CS2103T-F09-2
student,cshao02,CS2103T-F09-2
student,brianchoon,CS2103T-F09-2
student,jan-kai1,CS2103T-F09-2
student,shardhrv,CS2103T-F09-2
student,YangQF2002,CS2103T-F09-3
student,slye20,CS2103T-F09-3
student,weibinlim,CS2103T-F09-3
student,hovanleong,CS2103T-F09-3
student,yxtan02,CS2103T-F09-3
student,kaikquah,CS2103T-F09-4
student,weijianwong,CS2103T-F09-4
student,luileng,CS2103T-F09-4
student,curtischang2510,CS2103T-F09-4
student,potaotototo,CS2103T-F09-4
student,ahmadsyuaib,CS2103T-F10-1
student,rubinnn,CS2103T-F10-1
student,jereeemyyyy,CS2103T-F10-1
student,Harithhh06,CS2103T-F10-1
student,L-rrrr,CS2103T-F10-1
student,yuanchengg,CS2103T-F10-2
student,yugan01,CS2103T-F10-2
student,DINESH1201,CS2103T-F10-2
student,Arren11111,CS2103T-F10-2
student,jolynleow2301,CS2103T-F10-2
student,ITZXITZX,CS2103T-F10-3
student,OrangeCatLoves,CS2103T-F10-3
student,xqtann,CS2103T-F10-3
student,Potatoad88,CS2103T-F10-3
student,triishaa,CS2103T-F10-3
student,mattisongjj,CS2103T-F10-4
student,rynlwhh,CS2103T-F10-4
student,vinceg4,CS2103T-F10-4
student,LingZiyann,CS2103T-F10-4
student,tckeong,CS2103T-F10-4
student,bbbbcccd,CS2103T-F11-1
student,karthickkc,CS2103T-F11-1
student,SKarthikeyan28,CS2103T-F11-1
student,wes-w-z-h,CS2103T-F11-1
student,hj235,CS2103T-F11-1
student,weiliann,CS2103T-F11-2
student,shizy,CS2103T-F11-2
student,Rachelcoll,CS2103T-F11-2
student,superb-sushi,CS2103T-F11-2
student,yyihaoc,CS2103T-F11-2
student,colinac,CS2103T-F11-3
student,Jaynon,CS2103T-F11-3
student,Al-ez,CS2103T-F11-3
student,JellyPenguinnn,CS2103T-F11-3
student,ArtillerySun,CS2103T-F11-3
student,lrongyi,CS2103T-F11-4
student,e1121208,CS2103T-F11-4
student,muhdbhz,CS2103T-F11-4
student,seandias,CS2103T-F11-4
student,wang-h-z,CS2103T-F11-4
student,weiseng18,CS2103T-F12-1
student,huangjiaxi1111,CS2103T-F12-1
student,MAOXIONGKAI,CS2103T-F12-1
student,Elinengu,CS2103T-F12-1
student,lithops-zty,CS2103T-F12-1
student,AgentHagu,CS2103T-F12-2
student,amoschee,CS2103T-F12-2
student,nihalramesh12629,CS2103T-F12-2
student,maahir-garg,CS2103T-F12-2
student,Arnaxx54,CS2103T-F12-2
student,yadobler,CS2103T-F12-3
student,TechRaj,CS2103T-F12-3
student,PresleyChew,CS2103T-F12-3
student,yong-zhuo,CS2103T-F12-3
student,hweinian,CS2103T-F12-3
student,raihahahan,CS2103T-F12-4
student,leroytan,CS2103T-F12-4
student,anselmlong,CS2103T-F12-4
student,rachelyeohm,CS2103T-F12-4
student,marcusjhang,CS2103T-F13-1
student,Clarenceeey,CS2103T-F13-1
student,yhanyi,CS2103T-F13-1
student,S-K-Y-Light,CS2103T-F13-1
student,notnotmax,CS2103T-F13-1
student,CreditableX,CS2103T-F13-2
student,KennyLewi,CS2103T-F13-2
student,NgZiXin,CS2103T-F13-2
student,Solomon0519,CS2103T-F13-2
student,ylchin,CS2103T-F13-2
student,leslieyip02,CS2103T-F13-3
student,casperngeen,CS2103T-F13-3
student,Teddayz,CS2103T-F13-3
student,FYL2003,CS2103T-F13-3
student,yizhong187,CS2103T-F13-3
student,darkmoongreatsword,CS2103T-F13-4
student,beginner-web-developer,CS2103T-F13-4
student,kngys,CS2103T-F13-4
student,trpmy,CS2103T-F13-4
student,reginateh,CS2103T-F13-4
student,TY1Fan,CS2103T-F14a-1
student,teamotitan,CS2103T-F14a-1
student,DennieDan,CS2103T-F14a-1
student,Feng1231,CS2103T-F14a-1
student,Soumyadip-cmd,CS2103T-F14a-1
student,yu-sutong,CS2103T-F14a-2
student,FooChao,CS2103T-F14a-2
student,awdse22,CS2103T-F14a-2
student,kaixuan477,CS2103T-F14a-2
student,JunLongling,CS2103T-F14a-3
student,jktang14,CS2103T-F14a-3
student,tanwartushar,CS2103T-F14a-3
student,rahula1008,CS2103T-F14a-3
student,Dinoman44,CS2103T-F14a-3
student,KrashKart,CS2103T-F14a-4
student,blackpanther9229,CS2103T-F14a-4
student,yooplo,CS2103T-F14a-4
student,CYX22222003,CS2103T-F14a-4
student,chrisjohntan,CS2103T-F14a-4
student,Gra7ityIC3,CS2103T-F14b-1
student,LeongWZ,CS2103T-F14b-1
student,TerenceWongsExtravaganza,CS2103T-F14b-1
student,arjun2598,CS2103T-F14b-1
student,nws321,CS2103T-F14b-1
student,miloaisdino,CS2103T-F14b-2
student,FlyingDonkeys,CS2103T-F14b-2
student,Zeepheru,CS2103T-F14b-2
student,devivy,CS2103T-F14b-2
student,accountexeregister,CS2103T-F14b-2
student,linette-g,CS2103T-F14b-3
student,brendanng7,CS2103T-F14b-3
student,GabrielCWT,CS2103T-F14b-3
student,Zenkoh1,CS2103T-F14b-3
student,zyng233,CS2103T-F14b-3
student,fymbc,CS2103T-F14b-4
student,AlphaPyke,CS2103T-F14b-4
student,Justin-Aw46,CS2103T-F14b-4
student,Shantaa,CS2103T-F14b-4
student,meatyturtle,CS2103T-F14b-4
student,xinweichong,CS2103T-F15-1
student,jarrellc1,CS2103T-F15-1
student,benjiBase,CS2103T-F15-1
student,gavinsoh,CS2103T-F15-1
student,yixianggg,CS2103T-F15-1
student,JYL27,CS2103T-F15-2
student,juliantayyc,CS2103T-F15-2
student,ethan-goh,CS2103T-F15-2
student,btbrandon,CS2103T-F15-2
student,jessica2828,CS2103T-F15-2
student,Vatinius,CS2103T-F15-3
student,BuffWuff1712,CS2103T-F15-3
student,Tkaixiang,CS2103T-F15-3
student,tayxuenye,CS2103T-F15-3
student,sayomaki,CS2103T-F15-3
student,DanzaSeah,CS2103T-F15-4
student,HanB1n,CS2103T-F15-4
student,riccoljy,CS2103T-F15-4
student,dasha3412,CS2103T-F15-4
student,tingxuanp,CS2103T-F15-4
student,TheRareFox,CS2103T-T08-1
student,chongtzezhao,CS2103T-T08-1
student,travisim,CS2103T-T08-1
student,Nicholascyx,CS2103T-T08-1
student,Airiinnn,CS2103T-T08-1
student,dwsc37,CS2103T-T08-2
student,bryancheny,CS2103T-T08-2
student,zzawook,CS2103T-T08-2
student,IzN432,CS2103T-T08-2
student,audipras,CS2103T-T08-2
student,Nigeltzy,CS2103T-T08-3
student,chengzihao123,CS2103T-T08-3
student,sandyk0105,CS2103T-T08-3
student,shinichi04,CS2103T-T08-3
student,tyxiangs,CS2103T-T08-3
student,dominopizzaaaa,CS2103T-T08-4
student,Oceankoh,CS2103T-T08-4
student,izruff,CS2103T-T08-4
student,juancarlovieri,CS2103T-T08-4
student,hpcman,CS2103T-T08-4
student,Shux347,CS2103T-T09-1
student,meerkatboy,CS2103T-T09-1
student,uniqly,CS2103T-T09-1
student,blanklogic,CS2103T-T09-1
student,realqijun,CS2103T-T09-1
student,dominic2412,CS2103T-T09-2
student,stanleytangzh,CS2103T-T09-2
student,thisisaditya17,CS2103T-T09-2
student,Darren-Tung,CS2103T-T09-2
student,rithanisk,CS2103T-T09-2
student,taniathng,CS2103T-T09-3
student,MiloTruck,CS2103T-T09-3
student,bmanara,CS2103T-T09-3
student,sam-theman88,CS2103T-T09-3
student,chiangqinkang,CS2103T-T09-3
student,oneBoz,CS2103T-T09-4
student,IsaacPangTH,CS2103T-T09-4
student,lutfir-cpu,CS2103T-T09-4
student,ckclion,CS2103T-T09-4
student,elliot-tang,CS2103T-T09-4
student,LynetteLeeSiYing,CS2103T-T10-1
student,OttoTan,CS2103T-T10-1
student,myrilla12,CS2103T-T10-1
student,ritvi12,CS2103T-T10-1
student,Bonzzz3,CS2103T-T10-1
student,InfinityTwo,CS2103T-T10-2
student,jevan13,CS2103T-T10-2
student,KiKuasaurus,CS2103T-T10-2
student,thortol,CS2103T-T10-2
student,LimErnest,CS2103T-T10-2
student,yockcheng,CS2103T-T10-3
student,sayglenn,CS2103T-T10-3
student,DKHB0207,CS2103T-T10-3
student,Domokunx,CS2103T-T10-3
student,raageth,CS2103T-T10-3
student,shadhankkk,CS2103T-T10-4
student,Gilbb,CS2103T-T10-4
student,michaelyql,CS2103T-T10-4
student,marchjlim,CS2103T-T10-4
student,ashea10,CS2103T-T10-4
student,samuelthen,CS2103T-T11-1
student,ryenl,CS2103T-T11-1
student,calebchongsj,CS2103T-T11-1
student,yikyak02,CS2103T-T11-1
student,bbryant824,CS2103T-T11-1
student,Incogdino,CS2103T-T11-2
student,tohjh,CS2103T-T11-2
student,DesSnowy,CS2103T-T11-2
student,SwaminathanViswa,CS2103T-T11-2
student,currynia,CS2103T-T11-2
student,yikjunxian,CS2103T-T11-3
student,VedJoshi,CS2103T-T11-3
student,Droas590,CS2103T-T11-3
student,SherniceSng,CS2103T-T11-3
student,jowhee3011,CS2103T-T11-3
student,Sornsornah,CS2103T-T11-4
student,samriddh2145,CS2103T-T11-4
student,aditig0305,CS2103T-T11-4
student,nayanaamahesh,CS2103T-T11-4
student,Nihirraa,CS2103T-T11-4
student,hogretup,CS2103T-T12-1
student,Jayden-Kim-NUS,CS2103T-T12-1
student,antgyf,CS2103T-T12-1
student,wubojin,CS2103T-T12-1
student,FriedCabbageSalad,CS2103T-T12-1
student,adipanda2002,CS2103T-T12-2
student,ignatiusoey09,CS2103T-T12-2
student,yxshrk,CS2103T-T12-2
student,kikokidayo,CS2103T-T12-2
student,maertan,CS2103T-T12-2
student,kaajinn,CS2103T-T12-3
student,linedoestrolling,CS2103T-T12-3
student,Eru111,CS2103T-T12-3
student,xGladiate,CS2103T-T12-3
student,hm-yang1,CS2103T-T12-3
student,Xczheng0105,CS2103T-T12-4
student,flyingsalsa,CS2103T-T12-4
student,JJtan2002,CS2103T-T12-4
student,ChenLeiyu,CS2103T-T12-4
student,Kitty-001,CS2103T-T12-4
student,saajidshaik02,CS2103T-T13-1
student,Johnwz123,CS2103T-T13-1
student,aldentantan,CS2103T-T13-1
student,kellywsq03,CS2103T-T13-1
student,tohhengxing,CS2103T-T13-2
student,rimgik,CS2103T-T13-2
student,noth-k,CS2103T-T13-2
student,arnav-goel10,CS2103T-T13-2
student,yyanyee,CS2103T-T13-2
student,davidgohzk,CS2103T-T13-3
student,jloh02,CS2103T-T13-3
student,Runus01,CS2103T-T13-3
student,naythee169,CS2103T-T13-3
student,clarissatjx,CS2103T-T13-3
student,AngPengXuan,CS2103T-T13-4
student,suhayl13,CS2103T-T13-4
student,Ponharish,CS2103T-T13-4
student,pradyuprasad,CS2103T-T13-4
student,lavanyagarg112,CS2103T-T13-4
student,Nimastic,CS2103T-T14-1
student,yihuididi,CS2103T-T14-1
student,ckaayy,CS2103T-T14-1
student,rithiklenin,CS2103T-T14-1
student,Justincjr,CS2103T-T14-1
student,leroychiu20,CS2103T-T14-2
student,limjeremy496,CS2103T-T14-2
student,JiaYi-Gallium369,CS2103T-T14-2
student,ruiming97,CS2103T-T14-2
student,charlenetcy,CS2103T-T14-2
student,Meowloid,CS2103T-T14-3
student,calebyyy,CS2103T-T14-3
student,limyuquan,CS2103T-T14-3
student,SeanWong2,CS2103T-T14-3
student,xhamyo,CS2103T-T14-3
student,itsme-zeix,CS2103T-T14-4
student,colinhia,CS2103T-T14-4
student,ZShunRen,CS2103T-T14-4
student,FionaQY,CS2103T-T14-4
student,iamdiluxedbutcooler,CS2103T-T14-4
student,bryanckh,CS2103T-T15-1
student,winstonlimjy,CS2103T-T15-1
student,gohsl99,CS2103T-T15-1
student,zackjh,CS2103T-T15-1
student,RobotWizzard,CS2103T-T15-1
student,kienvumrpm,CS2103T-T15-2
student,munhuikim,CS2103T-T15-2
student,sumomomomomo,CS2103T-T15-2
student,hooyushing,CS2103T-T15-2
student,waihin26,CS2103T-T15-2
student,kyouscrap,CS2103T-T15-3
student,clarud,CS2103T-T15-3
student,shuckycheese,CS2103T-T15-3
student,niclammm,CS2103T-T15-3
student,choonzies,CS2103T-T15-3
student,mrnobody0505,CS2103T-T15-4
student,SamuelFoo,CS2103T-T15-4
student,Professional-Procrastinat0r,CS2103T-T15-4
student,LeeZeHao,CS2103T-T15-4
student,ItsMeNengYi,CS2103T-T15-4
student,publicmain,CS2103T-T16-1
student,W3iZhi,CS2103T-T16-1
student,WuJinhan1,CS2103T-T16-1
student,testing1234567891011121314,CS2103T-T16-1
student,Jalenleeruixian,CS2103T-T16-1
student,yongkheehou,CS2103T-T16-2
student,Virusrwj223,CS2103T-T16-2
student,thony-ui,CS2103T-T16-2
student,jolwnn,CS2103T-T16-2
student,apollo-tan,CS2103T-T16-2
student,seah-minlong,CS2103T-T16-3
student,Justin-Yeo,CS2103T-T16-3
student,voldiemort,CS2103T-T16-3
student,chongsun2002,CS2103T-T16-3
student,zzzlou,CS2103T-T16-3
student,Edsel-Tan,CS2103T-T16-4
student,Ansel-Ch,CS2103T-T16-4
student,jerrelllee,CS2103T-T16-4
student,gnoossk,CS2103T-T16-4
student,natlv,CS2103T-T16-4
student,kuiktzecheng,CS2103T-T17-1
student,jeremychiaaaaa,CS2103T-T17-1
student,verakohh,CS2103T-T17-1
student,chenle228,CS2103T-T17-1
student,arnav12344,CS2103T-T17-1
student,1st2GetThisName,CS2103T-T17-2
student,muller317,CS2103T-T17-2
student,Judy1x4,CS2103T-T17-2
student,engyuhan,CS2103T-T17-2
student,RuijianLu,CS2103T-T17-2
student,T1duS,CS2103T-T17-3
student,Anvita2110,CS2103T-T17-3
student,zacharyxzz,CS2103T-T17-3
student,ritulkrsingh,CS2103T-T17-3
student,yu7ong,CS2103T-T17-3
student,ty4g1,CS2103T-T17-4
student,george-yeo,CS2103T-T17-4
student,sooyitao,CS2103T-T17-4
student,LOLIPOP-INTELLIGENCE,CS2103T-T17-4
student,Reallyeasy1,CS2103T-W08-1
student,tansanchian,CS2103T-W08-1
student,Fui03,CS2103T-W08-1
student,SamsonChew,CS2103T-W08-1
student,waihongteh,CS2103T-W08-1
student,gladwintan,CS2103T-W08-2
student,Slipperybara,CS2103T-W08-2
student,BlazeChron,CS2103T-W08-2
student,amitha2210,CS2103T-W08-2
student,jinhanjinhan,CS2103T-W08-2
student,EthanLoww,CS2103T-W08-3
student,foothaddeus,CS2103T-W08-3
student,EyuGongYi,CS2103T-W08-3
student,skyl3-r,CS2103T-W08-3
student,Siddardar,CS2103T-W08-3
student,wenjebs,CS2103T-W08-4
student,martout2002,CS2103T-W08-4
student,Hoodini231,CS2103T-W08-4
student,yimjianbing,CS2103T-W08-4
student,hyxnnii,CS2103T-W08-4
student,oolongwater,CS2103T-W09-1
student,LemonDrew,CS2103T-W09-1
student,kushaldas27,CS2103T-W09-1
student,SQ77,CS2103T-W09-1
student,bigismols,CS2103T-W09-1
student,obrona,CS2103T-W09-2
student,josh1248,CS2103T-W09-2
student,nathanshew,CS2103T-W09-2
student,kimxw,CS2103T-W09-2
student,Timenikhil,CS2103T-W09-2
student,Raghava-Chittidi,CS2103T-W09-3
student,choaticman,CS2103T-W09-3
student,snowstopxt,CS2103T-W09-3
student,woke02,CS2103T-W09-3
student,ZweZeya,CS2103T-W09-3
student,EdaYeo,CS2103T-W09-4
student,charlesliyifeng,CS2103T-W09-4
student,chashaobao123,CS2103T-W09-4
student,SeanFoongjt,CS2103T-W09-4
student,lancehaha,CS2103T-W09-4
student,NicholasT1,CS2103T-W10-1
student,ishan-agarwal-05,CS2103T-W10-1
student,gabriellegtw,CS2103T-W10-1
student,Wnayar,CS2103T-W10-1
student,rxchell,CS2103T-W10-2
student,zaidansani,CS2103T-W10-2
student,Vangmay,CS2103T-W10-2
student,jayjay19630,CS2103T-W10-2
student,choiwab,CS2103T-W10-2
student,M-kew,CS2103T-W10-3
student,SSirMentos,CS2103T-W10-3
student,The0nlyJuan,CS2103T-W10-3
student,Edwin1022,CS2103T-W10-3
student,MingYiAw,CS2103T-W10-3
student,yongqqqq,CS2103T-W10-4
student,RadieonAjax,CS2103T-W10-4
student,tanyqcollin,CS2103T-W10-4
student,isaactodo,CS2103T-W10-4
student,Jianwen0451,CS2103T-W10-4
student,itsnotsherm,CS2103T-W11-1
student,lim-jt,CS2103T-W11-1
student,reidenong,CS2103T-W11-1
student,Dominic-Khoo,CS2103T-W11-1
student,volleyballkickedme,CS2103T-W11-1
student,SherChew27,CS2103T-W11-2
student,harithh07,CS2103T-W11-2
student,kvernnn,CS2103T-W11-2
student,zeonchew0324,CS2103T-W11-2
student,jiaxinnns,CS2103T-W11-2
student,ethanwangkangen,CS2103T-W11-3
student,adriantan101,CS2103T-W11-3
student,annabellekk,CS2103T-W11-3
student,cweijin,CS2103T-W11-3
student,JoanneHing,CS2103T-W11-3
student,GuanpengR,CS2103T-W11-4
student,JumpyJay,CS2103T-W11-4
student,jasmiinee,CS2103T-W11-4
student,jiayr99,CS2103T-W11-4
student,sarahteonin,CS2103T-W11-4
student,yiiilonggg,CS2103T-W12-1
student,LiuYJ2002,CS2103T-W12-1
student,zlch,CS2103T-W12-1
student,jiaaaaen,CS2103T-W12-1
student,Fluffykan,CS2103T-W12-2
student,JovenSoh,CS2103T-W12-2
student,ttzuche,CS2103T-W12-2
student,keerthigkaarthik,CS2103T-W12-2
student,tzuennn,CS2103T-W12-2
student,jtooya,CS2103T-W12-3
student,SlothyCat,CS2103T-W12-3
student,kimberlytmq,CS2103T-W12-3
student,zienxu,CS2103T-W12-3
student,achl1012,CS2103T-W12-3
student,Haris-Irfan,CS2103T-W12-4
student,wrjgold,CS2103T-W12-4
student,fusin02,CS2103T-W12-4
student,seantham21,CS2103T-W12-4
student,jhqiu21,CS2103T-W12-4
student,zhou-colla,CS2103T-W13-1
student,MinkhantEain,CS2103T-W13-1
student,miuna9890,CS2103T-W13-1
student,haleemairfan,CS2103T-W13-1
student,yyueyii,CS2103T-W13-1
student,SuhailLoya,CS2103T-W13-2
student,AppleJem,CS2103T-W13-2
student,mongj,CS2103T-W13-2
student,celeschai,CS2103T-W13-2
student,zhiyi12345,CS2103T-W13-3
student,junyi73,CS2103T-W13-3
student,t-leongchuan,CS2103T-W13-3
student,jeanyang04,CS2103T-W13-3
student,slidings,CS2103T-W13-3
student,zzibo,CS2103T-W13-4
student,ywllowsensor,CS2103T-W13-4
student,jonushzw,CS2103T-W13-4
student,siriousguy,CS2103T-W13-4
student,yastsc,CS2103T-W13-4
student,prave1n,CS2103T-W14-1
student,ngjianyi,CS2103T-W14-1
student,LinkesV,CS2103T-W14-1
student,CJianzhi,CS2103T-W14-1
student,vinc3leong,CS2103T-W14-1
student,RyanWarwick,CS2103T-W14-2
student,frymash,CS2103T-W14-2
student,appleshill,CS2103T-W14-2
student,DiegoTheExplorar,CS2103T-W14-2
student,valhrd,CS2103T-W14-2
student,starchypotatocode,CS2103T-W14-3
student,taggyhan,CS2103T-W14-3
student,QinHaichen12,CS2103T-W14-3
student,yuvrajaryan,CS2103T-W14-3
student,keithxun,CS2103T-W14-3
student,bryanjhc,CS2103T-W14-4
student,kaoxi998533,CS2103T-W14-4
student,Peanuts359,CS2103T-W14-4
student,leowolf275,CS2103T-W14-4
student,youngseopark05,CS2103T-W14-4
students,Eclipse-Dominator,dev-team
students,Echomo-Xinyu,dev-team
students,MadLamprey,dev-team
students,nknguyenhc,dev-team
students,NereusWB922,dev-team
students,Arif-Khalid,dev-team
student,damithc,teaching-team
